word,reading,meaning,thai_meaning
ああ,ああ,"Ah!, Oh!","อา!, โอ้!"
会う,あう,"to meet, to see",เพื่อพบเห็น
青,あお,blue,สีน้ำเงิน
青い,あおい,blue,สีน้ำเงิน
赤,あか,red,สีแดง
赤い,あかい,red,สีแดง
明るい,あかるい,bright (in reference to personality or weather); cheerful,สดใส (อ้างอิงถึงบุคลิกภาพหรือสภาพอากาศ); ร่าเริง
秋,あき,fall (season),ฤดูใบไม้ร่วง (ฤดู)
開く,あく,"to open, to become open",เพื่อเปิดเพื่อเปิด
開ける,あける,to open (v.t.),เปิด (v.t.)
上げる,あげる,"to raise, to lift","ยก, ยก"
朝,あさ,morning,เช้า
朝御飯,あさごはん,breakfast,อาหารเช้า
明後日,あさって,day after tomorrow,มะรืนนี้
足,あし,foot; leg,เท้า; ขา
明日,あした,tomorrow,พรุ่งนี้
あそこ,あそこ,"there, over there, that place",ที่นั่น ที่นั่น สถานที่แห่งนั้น
遊ぶ,あそぶ,to play; to spend time pleasantly; to hang out,เล่น; ใช้เวลาอย่างเป็นสุข เพื่อออกไปเที่ยว
暖かい,あたたかい,warm,อบอุ่น
頭,あたま,head,หัว
新しい,あたらしい,new,ใหม่
あちら,あちら,this way (polite),ทางนี้(สุภาพ)
暑い,あつい,"hot (in reference to weather), warm","ร้อน (อ้างอิงถึงสภาพอากาศ), อบอุ่น"
熱い,あつい,hot (objects),ร้อน (วัตถุ)
厚い,あつい,"kind, warm(hearted), thick, deep",ใจดี อบอุ่น(ใจ) หนา ลึก
あっち,あっち,over there,ตรงนั้น
後,あと,afterwards (later); in the future; the rest; since then,หลังจากนั้น (ต่อมา); ในอนาคต; ส่วนที่เหลือ; ตั้งแต่นั้นมา
あなた,あなた,you,คุณ
兄,あに,(my) older brother (humble),(ของฉัน) พี่ชาย (ถ่อมตัว)
姉,あね,(my) older sister (humble),(ของฉัน) พี่สาว (ถ่อมตัว)
アパート,アパート,apartment (abbr.),อพาร์ทเมนต์ (คำย่อ)
あの,あの,"that over there; like that, that way; um...",อันนั้น; อย่างนั้นอย่างนั้น อืม...
浴びる,あびる,"to bathe, to shower","อาบน้ำ, อาบน้ำ"
危ない,あぶない,"dangerous, critical",อันตรายวิกฤติ
甘い,あまい,"generous, sweet",ใจกว้างน่ารัก
余り,あまり,not very; surplus,ไม่มาก; ส่วนเกิน
雨,あめ,rain,ฝน
飴,あめ,(hard) candy,(แข็ง) ลูกอม
洗う,あらう,to wash,ซัก
在る,ある,"to be, to have","เป็น, มี"
有る,ある,"to be, to have","เป็น, มี"
歩く,あるく,to walk,ที่จะเดิน
あれ,あれ,that one (over there),อันนั้น (ตรงนั้น)
いい,いい,good,ดี
いいえ,いいえ,"no, not at all",ไม่เลย
言う,いう,to say,จะพูด
家,いえ,"house, home",บ้าน บ้าน
いかが,いかが,"how, in what way",อย่างไร อย่างไร
行く,いく,to go,ไป
いくつ,いくつ,"how many, how old","เท่าไหร่, อายุเท่าไหร่"
いくら,いくら,"how much, how many","เท่าไหร่, เท่าไหร่"
池,いけ,pond,บ่อน้ำ
医者,いしゃ,doctor; physician,หมอ; แพทย์
椅子,いす,chair,เก้าอี้
忙しい,いそがしい,"busy (people, days)","ไม่ว่าง (คน, วัน)"
痛い,いたい,hurt; painful; sore,เจ็บ; เจ็บปวด; เจ็บ
一,いち,one,หนึ่ง
一日,いちにち,one day (duration),หนึ่งวัน (ระยะเวลา)
一番,いちばん,"best (most), first, number one",ดีที่สุด (มากที่สุด) อันดับแรกอันดับหนึ่ง
いつ,いつ,when,เมื่อ
五日,いつか,five days; fifth day of the month,ห้าวัน; วันที่ห้าของเดือน
一緒,いっしょ,together,ด้วยกัน
五つ,いつつ,five things,ห้าสิ่ง
いつも,いつも,"always, usually, every time, never (with neg. verb)","เสมอ, โดยปกติ, ทุกครั้ง, ไม่เคย (มีกริยา neg.)"
犬,いぬ,dog,หมา
今,いま,now,ตอนนี้
意味,いみ,"meaning, significance",ความหมาย ความสำคัญ
妹,いもうと,younger sister (humble),น้องสาว (ถ่อมตัว)
嫌,いや,"disagreeable, detestable, unpleasant","ไม่น่าพอใจ, น่ารังเกียจ, ไม่เป็นที่พอใจ"
入口,いりぐち,entrance,ทางเข้า
居る,いる,"(humble) to be (animate), to exist",(ถ่อมตัว) เป็น (เคลื่อนไหว) มีอยู่
要る,いる,to need,ต้อง
入れる,いれる,to put in,ใส่
色,いろ,color,สี
色々,いろいろ,various,ต่างๆ
上,うえ,"above (up, top, etc.), over, on top of","ข้างบน (บน, บนสุด ฯลฯ) เหนือ บนสุดของ"
後ろ,うしろ,"back, behind, rear","หลัง, หลัง, หลัง"
薄い,うすい,"thin, weak",ผอม อ่อนแอ
歌,うた,a song,เพลง
歌う,うたう,to sing,ร้องเพลง
うち,うち,home; house; my place,บ้าน; บ้าน; ที่ของฉัน
生まれる,うまれる,to be born,ที่จะเกิด
海,うみ,"sea, beach",ทะเล ชายหาด
売る,うる,to sell (v.t.),ขาย (v.t.)
うるさい,うるさい,noisy; annoying,เสียงดัง; น่ารำคาญ
上着,うわぎ,"coat, jacket","เสื้อโค้ท, แจ็คเก็ต"
映画,えいが,"movie, film","หนัง, หนัง"
映画館,えいがかん,"movie theater, cinema","โรงภาพยนตร์, โรงหนัง"
英語,えいご,English (language),อังกฤษ (ภาษา)
ええ,ええ,yes,ใช่
駅,えき,station,สถานี
エレベーター,エレベーター,elevator,ลิฟต์
鉛筆,えんぴつ,pencil,ดินสอ
美味しい,おいしい,"delicious, tasty",อร่อย อร่อย
多い,おおい,many; there are a lot,มากมาย; มีเยอะมาก
大きい,おおきい,"big, large","ใหญ่, ใหญ่"
大きな,おおきな,big,ใหญ่
大勢,おおぜい,great number of people,คนเยอะมาก
お母さん,おかあさん,mother (formal),แม่ (เป็นทางการ)
お菓子,おかし,"confections, sweets, snack",ขนมหวาน ของว่าง
お金,おかね,money,เงิน
起きる,おきる,"to get up (e.g., from sleeping); to happen",ลุกขึ้น (เช่น จากการหลับ); ที่จะเกิดขึ้น
置く,おく,to put; to lay; to place,ใส่; นอน; เพื่อวาง
奥さん,おくさん,(someone else's) wife (hon.),(ของคนอื่น) ภรรยา (ที่รัก)
お酒,おさけ,sake; alcohol,สาเก; แอลกอฮอล์
お皿,おさら,"plate, dish",จานจาน
伯父,おじさん,"uncle, middle-aged man",ลุงชายวัยกลางคน
おじいさん,おじいさん,"grandfather, male senior citizen",คุณปู่ พลเมืองอาวุโสชาย
教える,おしえる,"to teach, to inform, to instruct","สอน, แจ้ง, สอน"
押す,おす,"to push, to press, to stamp (e.g., a passport)",ดัน กด ประทับตรา (เช่น หนังสือเดินทาง)
遅い,おそい,slow; (to be) late,ช้า; (จะ) สาย
お茶,おちゃ,(green) tea,(ชาเขียว)
お手洗い,おてあらい,"toilet, restroom, bathroom (lit., a place to wash one's hands)","ส้วม, ห้องน้ำ, ห้องน้ำ (จุดไฟ, สถานที่ล้างมือ)"
お父さん,おとうさん,father (formal),พ่อ (เป็นทางการ)
弟,おとうと,younger brother,น้องชาย
男,おとこ,"man, male",ผู้ชาย ผู้ชาย
男の子,おとこのこ,boy,เด็กชาย
一昨日,おととい,the day before yesterday,วันก่อน
おととし,おととし,year before last,ปีก่อนปีที่แล้ว
大人,おとな,adult,ผู้ใหญ่
お腹,おなか,stomach,ท้อง
同じ,おなじ,"same, identical",เหมือนกัน
お兄さん,おにいさん,(someone else's) older brother (formal),(ของคนอื่น) พี่ชาย (เป็นทางการ)
お姉さん,おねえさん,older sister (formal),พี่สาว (เป็นทางการ)
伯母さん,おばさん,aunt,ป้า
おばあさん,おばあさん,"grandmother, female senior-citizen",คุณย่า สตรีอาวุโส
お風呂,おふろ,a bath,อาบน้ำ
お弁当,おべんとう,a boxed lunch,ข้าวกล่อง
覚える,おぼえる,"to learn, to commit to memory, to remember, to memorize","เรียนรู้, มุ่งมั่นในการจำ, จดจำ, ท่องจำ"
おまわりさん,おまわりさん,policeman (friendly term),ตำรวจ (คำที่เป็นมิตร)
重い,おもい,heavy; serious,หนัก; จริงจัง
面白い,おもしろい,"interesting, amusing",น่าสนใจ น่าขบขัน
泳ぐ,およぐ,to swim,ว่ายน้ำ
降りる,おりる,to get off,เพื่อลง
終る,おわる,"to finish, to close",เพื่อเสร็จสิ้นเพื่อปิด
音楽,おんがく,Music,ดนตรี
女,おんな,"woman, female",ผู้หญิง ผู้หญิง
女の子,おんなのこ,girl,สาว
外国,がいこく,foreign country; abroad,ต่างประเทศ ต่างประเทศ
外国人,がいこくじん,foreigner,ชาวต่างชาติ
会社,かいしゃ,"company, corporation","บริษัท, คอร์ปอเรชั่น"
階段,かいだん,stairs,บันได
買い物,かいもの,shopping,ช้อปปิ้ง
買う,かう,to buy,ที่จะซื้อ
返す,かえす,to return something,เพื่อคืนบางสิ่งบางอย่าง
帰る,かえる,"to go back, to go home, to return",กลับบ้าน กลับบ้าน กลับ
顔,かお,face (body part),ใบหน้า (ส่วนของร่างกาย)
かかる,かかる,"it takes (amount of time, money) (v.i.)","ต้องใช้เวลา (ระยะเวลา, เงิน) (vi.)"
鍵,かぎ,a lock; a key,ล็อค; กุญแจ
書く,かく,to write,เขียน
学生,がくせい,student,นักเรียน
掛ける,かける,"to put on (e.g., glasses); to hang (e.g., on a wall)",สวมใส่ (เช่น แว่นตา); แขวน (เช่น บนผนัง)
かける,かける,"to dial/call (e.g., phone); to sit down",เพื่อโทรออก/โทรออก (เช่น โทรศัพท์) นั่งลง
傘,かさ,"umbrella, parasol",ร่ม ร่มกันแดด
貸す,かす,to lend,ให้ยืม
風,かぜ,"wind, breeze",สายลม
風邪,かぜ,"cold, flu",หวัด ไข้หวัดใหญ่
方,かた,-- honorific form for 人 (ひと) --; way of doing,-- รูปแสดงเกียรติของ 人 (ひと) --; วิธีการทำ
家族,かぞく,"family, members of a family",ครอบครัวสมาชิกในครอบครัว
片仮名,かたかな,katakana,คาตาคานะ
学校,がっこう,a school,โรงเรียน
カップ,カップ,cup,ถ้วย
家庭,かてい,home; family,บ้าน; ครอบครัว
角,かど,"corner (e.g., desk, pavement)",มุม (เช่น โต๊ะ ทางเท้า)
かばん,かばん,"bag, basket","กระเป๋า, ตะกร้า"
花瓶,かびん,(flower) vase,(ดอกไม้) แจกัน
かぶる,かぶる,"to wear, to put on (e.g., a hat on the head)","สวมใส่, สวม (เช่น หมวกบนหัว)"
紙,かみ,paper,กระดาษ
カメラ,カメラ,camera,กล้อง
火曜日,かようび,Tuesday,วันอังคาร
辛い,からい,hot and spicy; salty,ร้อนและเผ็ด เค็ม
体,からだ,body; health,ร่างกาย; สุขภาพ
借りる,かりる,"to borrow, to owe",ยืมเป็นหนี้
軽い,かるい,"light, non-serious, minor",เบาๆ ไม่จริงจัง เล็กน้อย
カレー,カレー,curry (abbr. for curry and rice),แกง (คำย่อสำหรับแกงและข้าว)
カレンダー,カレンダー,calendar,ปฏิทิน
川,かわ,river,แม่น้ำ
可愛い,かわいい,"cute, adorable",น่ารัก น่าเอ็นดู
漢字,かんじ,kanji; Chinese character,คันจิ; ตัวอักษรจีน
黄色,きいろ,yellow,สีเหลือง
黄色い,きいろい,yellow,สีเหลือง
消える,きえる,"to vanish, to disappear","หายไป, หายไป"
聞く,きく,"to hear, to listen, to ask","ได้ยิน, ฟัง, ถาม"
北,きた,north,เหนือ
ギター,ギター,guitar,กีตาร์
汚い,きたない,"dirty, unclean, filthy",สกปรก ไม่สะอาด สกปรก
喫茶店,きっさてん,café,คาเฟ่
切手,きって,postal (postage) stamps,แสตมป์ (ไปรษณียากร)
切符,きっぷ,a ticket,ตั๋ว
昨日,きのう,yesterday,เมื่อวาน
九,きゅう,nine,เก้า
牛肉,ぎゅうにく,beef,เนื้อ
牛乳,ぎゅうにゅう,milk,นม
今日,きょう,"today, this day",วันนี้ วันนี้
教室,きょうしつ,classroom,ห้องเรียน
兄弟,きょうだい,"siblings (humble), brothers and sisters",พี่น้อง (ถ่อมตัว) พี่น้อง
去年,きょねん,last year,ปีที่แล้ว
嫌い,きらい,dislike,ไม่ชอบ
切る,きる,to cut; to hang up (a phone),ตัด; วางสาย (โทรศัพท์)
着る,きる,to put on (clothes above your waist); to wear,สวมใส่ (เสื้อผ้าที่อยู่เหนือเอวของคุณ); ที่จะสวมใส่
綺麗,きれい,"pretty, clean, tidy",สวย สะอาด เป็นระเบียบเรียบร้อย
キロ,キロ,(abbr.) kilo (kilogram),(คำย่อ) กิโล (กิโลกรัม)
銀行,ぎんこう,bank,ธนาคาร
金曜日,きんようび,Friday,วันศุกร์
薬,くすり,medicine,ยา
下さい,ください,(with te-form verb) please do for me,(มีกริยารูปเต) กรุณาทำเพื่อฉันด้วย
果物,くだもの,fruit,ผลไม้
口,くち,job opening; mouth,การเปิดงาน; ปาก
靴,くつ,"shoes, footwear","รองเท้า, รองเท้า"
靴下,くつした,socks,ถุงเท้า
国,くに,country; place of origin,ประเทศ; สถานที่กำเนิด
曇り,くもり,"cloudiness, cloudy weather",ท้องฟ้ามีเมฆมาก
曇る,くもる,"to become cloudy, to become dim",กลายเป็นเมฆมาก กลายเป็นสลัว
暗い,くらい,"dark, gloomy",มืดมนมืดมน
クラス,クラス,a class,คลาส
グラム,グラム,gram,กรัม
来る,くる,to come,มาแล้วจ้า
車,くるま,"car, vehicle",รถยนต์ ยานพาหนะ
黒,くろ,black,สีดำ
黒い,くろい,black; dark,สีดำ; มืด
警官,けいかん,police officer,เจ้าหน้าที่ตำรวจ
今朝,けさ,this morning,เช้านี้
消す,けす,"to erase, to delete, to turn off power","เพื่อลบ, ลบ, ปิดเครื่อง"
結構,けっこう,"splendid; enough, tolerably",งดงาม; เพียงพอแล้ว
月曜日,げつようび,Monday,วันจันทร์
玄関,げんかん,entrance (to a house or a building),ทางเข้า (ไปบ้านหรืออาคาร)
元気,げんき,"health(y), energetic",สุขภาพ(y) มีพลัง
公園,こうえん,a park,สวนสาธารณะ
交差点,こうさてん,intersection,ทางแยก
紅茶,こうちゃ,black tea,ชาดำ
交番,こうばん,police box,ป้อมตำรวจ
声,こえ,voice,เสียง
コート,コート,"coat; court (e.g., tennis)",เสื้อโค้ท; สนาม (เช่น เทนนิส)
コーヒー,コーヒー,coffee,กาแฟ
ここ,ここ,"here, this place",ที่นี่ ที่นี่
午後,ごご,"afternoon, P.M.",ช่วงบ่าย P.M.
九日,ここのか,nine days; ninth day of the month,เก้าวัน; วันที่เก้าของเดือน
九つ,ここのつ,nine things,เก้าสิ่ง
午前,ごぜん,"morning, A.M.",เช้า A.M.
答える,こたえる,"to answer, to reply",เพื่อตอบเพื่อตอบ
こちら,こちら,this person (polite); this way (polite),บุคคลนี้ (สุภาพ); ทางนี้(สุภาพ)
こっち,こっち,this person; this direction; this side,คนนี้; ทิศทางนี้; ด้านนี้
コップ,コップ,a tumbler; a glass,แก้วน้ำ; แก้ว
今年,ことし,this year,ปีนี้
言葉,ことば,language; word(s); expression(s),ภาษา; คำ); การแสดงออก
子供,こども,child(ren),เด็ก(เรน)
この,この,this,นี้
御飯,ごはん,rice (cooked); meal,ข้าว (ปรุงสุก); มื้ออาหาร
コピーする,コピーする,to copy,เพื่อคัดลอก
困る,こまる,"to be bothered, to have difficulty",ลำบากใจ
これ,これ,this one,อันนี้
今月,こんげつ,this month,เดือนนี้
今週,こんしゅう,this week,สัปดาห์นี้
こんな,こんな,"such, like this",เช่นนี้
今晩,こんばん,"tonight, this evening",คืนนี้ เย็นนี้
さあ,さあ,"come now, well",เอาล่ะ
財布,さいふ,wallet,กระเป๋าเงิน
魚,さかな,fish,ปลา
先,さき,"future; recent, previous",อนาคต; ล่าสุด ก่อนหน้า
咲く,さく,to bloom,ที่จะเบ่งบาน
作文,さくぶん,essay; composition,เรียงความ; องค์ประกอบ
差す,さす,"to raise (stretch out) hands, to raise (e.g., umbrella)",ยก (ยืดออก) มือ ยก (เช่น ร่ม)
雑誌,ざっし,"magazine, journal",นิตยสารวารสาร
砂糖,さとう,sugar,น้ำตาล
寒い,さむい,cold (in reference to weather),หนาว (อ้างอิงถึงสภาพอากาศ)
さ来年,さらいねん,year after next,ปีหน้า
三,さん,three,สาม
塩,しお,salt,เกลือ
しかし,しかし,however; but,อย่างไรก็ตาม; แต่
時間,じかん,time,เวลา
仕事,しごと,"work, job, occupation, employment",งาน งาน อาชีพ การจ้างงาน
辞書,じしょ,dictionary,พจนานุกรม
静か,しずか,"quiet, calm",เงียบสงบ
下,した,"under, below, beneath",ข้างใต้ ข้างใต้
七,しち,seven,เจ็ด
質問,しつもん,"question, inquiry","คำถาม, สอบถาม"
自転車,じてんしゃ,bicycle,จักรยาน
自動車,じどうしゃ,automobile,รถยนต์
死ぬ,しぬ,to die,ที่จะตาย
字引,じびき,dictionary,พจนานุกรม
自分,じぶん,"myself, oneself",ตัวฉันเอง
閉まる,しまる,"to close, to be closed","ปิด, ปิด"
閉める,しめる,"to close, to shut","ปิด, ปิด"
締める,しめる,"to tie, to fasten, to tighten","ผูก, ยึด, กระชับ"
じゃ,じゃ,"well, well then",เอาล่ะ
写真,しゃしん,a picture; a photograph,รูปภาพ; ภาพถ่าย
シャツ,シャツ,shirt,เสื้อ
シャワー,シャワー,shower,ฝักบัว
十,じゅう,ten,สิบ
授業,じゅぎょう,a class (of school),ชั้นเรียน (ของโรงเรียน)
宿題,しゅくだい,homework,การบ้าน
上手,じょうず,"be good at, skillful",เก่งเก่ง
丈夫,じょうぶ,"strong, solid, durable",แข็งแรง ทนทาน
醤油,しょうゆ,soy sauce,ซีอิ๊ว
食堂,しょくどう,"cafeteria, dining hall","โรงอาหาร, ห้องอาหาร"
知る,しる,"to know, to understand",รู้เข้าใจ
白,しろ,white,สีขาว
白い,しろい,white,สีขาว
新聞,しんぶん,newspaper,หนังสือพิมพ์
水曜日,すいようび,Wednesday,วันพุธ
吸う,すう,"to breathe in, to suck","หายใจเข้า, ดูด"
スカート,スカート,skirt,กระโปรง
好き,すき,"liking, fondness, love",ความชอบ ความชื่นชอบ ความรัก
少ない,すくない,a little; a few,เล็กน้อย; บางส่วน
すぐに,すぐに,"immediately, soon",ทันที เร็วๆ นี้
少し,すこし,"little, few",น้อยไม่กี่
涼しい,すずしい,"cool, refreshing (in reference to weather)",เย็นสดชื่น (ตามสภาพอากาศ)
ストーブ,ストーブ,heater (lit: stove),เครื่องทำความร้อน (ไฟ: เตา)
スプーン,スプーン,spoon,ช้อน
スポーツ,スポーツ,sport(s),กีฬา
ズボン,ズボン,trousers,กางเกง
住む,すむ,"to reside, to live in","ที่จะอาศัยอยู่, ที่จะอยู่ใน"
する,する,"to do, to try; to wear small items (e.g., necktie, watch, etc.)",ต้องทำ พยายาม; ใส่สิ่งของชิ้นเล็กๆ (เช่น เนคไท นาฬิกา ฯลฯ)
座る,すわる,to sit,นั่ง
背,せい,"(one's) height, stature",ส่วนสูง ส่วนสูง
生徒,せいと,student; pupil,นักเรียน; นักเรียน
セーター,セーター,sweater,เสื้อกันหนาว
石鹸,せっけん,soap,สบู่
背広,せびろ,men's suit,สูทผู้ชาย
狭い,せまい,narrow; not spacious,แคบ; ไม่กว้างขวาง
ゼロ,ゼロ,zero,ศูนย์
千,せん,thousand,พัน
先月,せんげつ,last month,เมื่อเดือนที่แล้ว
先週,せんしゅう,last week,สัปดาห์ที่แล้ว
先生,せんせい,"teacher, professor; master; doctor","ครู, ศาสตราจารย์; ผู้เชี่ยวชาญ; หมอ"
洗濯,せんたく,"washing, laundry",ซักอบรีด
全部,ぜんぶ,"all, entire, whole",ทั้งหมด ทั้งหมด ทั้งหมด
そう,そう,"yes; appears, to be the case",ใช่; ปรากฏเป็นกรณีนี้
そうして,そうして,"and, like that",และเช่นนั้น
そこ,そこ,"that place, there; bottom, sole",ที่นั่น ที่นั่น ด้านล่าง แต่เพียงผู้เดียว
そちら,そちら,over there,ตรงนั้น
そっち,そっち,over there,ตรงนั้น
外,そと,"outside, exterior",ภายนอก ภายนอก
その,その,that,นั่น
そば,そば,"near, close, beside; Japanese traditional buckwheat noodle","ใกล้, ปิด, ข้าง; บะหมี่บัควีทแบบดั้งเดิมของญี่ปุ่น"
空,そら,sky,ท้องฟ้า
それ,それ,that one,อันนั้น
それから,それから,"and then, after that",และหลังจากนั้น
それでは,それでは,"in that situation, well then...",ในสถานการณ์นั้น ก็...
大学,だいがく,college; university,วิทยาลัย; มหาวิทยาลัย
大使館,たいしかん,embassy,สถานทูต
大丈夫,だいじょうぶ,It's ok (all right); No need to worry; Everything is under control,ไม่เป็นไร (เอาล่ะ); ไม่ต้องกังวล ทุกอย่างอยู่ภายใต้การควบคุม
大好き,だいすき,"very like-able, like very much",ชอบมาก ชอบมาก
大切,たいせつ,important,สำคัญ
台所,だいどころ,kitchen,ห้องครัว
大変,たいへん,"very; difficult, hard",มาก; ยาก ยาก
高い,たかい,"tall, high; expensive",สูง สูง; แพง
沢山,たくさん,"many, much",มากมาย มาก
タクシー,タクシー,taxi,แท็กซี่
出す,だす,to take (something) out; to hand in (something),นำ (บางสิ่ง) ออกไป; เพื่อมอบ (บางสิ่ง)
立つ,たつ,to stand up,ที่จะยืนขึ้น
たて,たて,"length, height",ความยาว ความสูง
建物,たてもの,building,อาคาร
楽しい,たのしい,"enjoyable, fun",สนุกสนาน สนุกสนาน
頼む,たのむ,"to request, to ask (a favor)","ขอ, ขอ (ความโปรดปราน)"
たばこ,たばこ,"tobacco, cigarettes",ยาสูบ บุหรี่
多分,たぶん,"perhaps, probably, maybe",บางที อาจจะ อาจจะ
食べ物,たべもの,food,อาหาร
食べる,たべる,to eat,กิน
卵,たまご,egg,ไข่
誰,だれ,who,ใคร
誰か,だれか,someone,บางคน
誕生日,たんじょうび,birthday,วันเกิด
段々,だんだん,"gradually, by degrees",ค่อยๆ ทีละองศา
小さい,ちいさい,"small, little",เล็ก น้อย
小さな,ちいさな,"small, little",เล็ก น้อย
近い,ちかい,"near, close by, short",ใกล้ ใกล้ สั้น
違う,ちがう,to be different; to differ; wrong,จะแตกต่าง; แตกต่าง; ผิด
近く,ちかく,nearby; in the neighborhood,ใกล้เคียง; ในบริเวณใกล้เคียง
地下鉄,ちかてつ,"underground train, subway","รถไฟใต้ดิน, รถไฟใต้ดิน"
地図,ちず,a map,แผนที่
父,ちち,(my) father,(ของฉัน) พ่อ
茶色,ちゃいろ,brown,สีน้ำตาล
茶碗,ちゃわん,rice bowl,ชามข้าว
丁度,ちょうど,"just, right, exactly",เพียง ถูกต้อง อย่างแน่นอน
ちょっと,ちょっと,"a little, somewhat; just a little, somewhat",เล็กน้อยบ้าง; เพียงเล็กน้อยบ้าง
使う,つかう,to use,การใช้
疲れる,つかれる,to get (become) tired; to become fatigued,เหนื่อย (เหนื่อย) เหนื่อยจัง
次,つぎ,next,ถัดไป
着く,つく,"to arrive at, to reach","ไปถึง, ไปถึง"
机,つくえ,desk,โต๊ะทำงาน
作る,つくる,"to make, to create","เพื่อสร้าง, เพื่อสร้าง"
つける,つける,"to turn on (e.g., a light); to take",เพื่อเปิด (เช่น ไฟ); ที่จะใช้
勤める,つとめる,to work (for),ไปทำงาน (สำหรับ)
つまらない,つまらない,"boring, dull; insignificant",น่าเบื่อน่าเบื่อ; ไม่มีนัยสำคัญ
冷たい,つめたい,"cold (things, people)","เย็น (สิ่งของ, คน)"
強い,つよい,"strong, powerful",แข็งแกร่งทรงพลัง
テープ,テープ,tape,เทป
テープレコーダー,テープレコーダー,tape recorder,เครื่องบันทึกเทป
テーブル,テーブル,table,ตาราง
出かける,でかける,to go out; to depart,ออกไป; ที่จะออกเดินทาง
手紙,てがみ,letter,จดหมาย
できる,できる,to be able to (to accomplish),เพื่อให้สามารถ (บรรลุผล)
出口,でぐち,an exit,ทางออก
テスト,テスト,test,ทดสอบ
では,では,"then, well, so",ถ้าอย่างนั้นก็อย่างนั้น
デパート,デパート,(abbr.) department store,(คำย่อ) ห้างสรรพสินค้า
でも,でも,"but, however",แต่อย่างไรก็ตาม
出る,でる,"to appear, to leave",ปรากฏขึ้นเพื่อออก
テレビ,テレビ,"television, TV","โทรทัศน์, ทีวี"
天気,てんき,weather,สภาพอากาศ
電気,でんき,"electricity, (electric) light","ไฟฟ้า, (ไฟฟ้า) แสง"
電車,でんしゃ,electric train,รถไฟฟ้า
電話,でんわ,a telephone,โทรศัพท์
ドア,ドア,door (Western style),ประตู(แบบตะวันตก)
トイレ,トイレ,bathroom; toilet,ห้องน้ำ; ห้องน้ำ
どう,どう,"how, in what way",อย่างไร อย่างไร
どうして,どうして,"why, for what reason",ทำไม เพราะอะไร
どうぞ,どうぞ,"please, kindly, by all means",ได้โปรดกรุณาด้วยทุกวิถีทาง
動物,どうぶつ,animal,สัตว์
どうも,どうも,Thank you; somehow; no matter how hard one may try,ขอบคุณ; อย่างใด; ไม่ว่าจะพยายามแค่ไหน
遠い,とおい,"far (away), distant",ไกล (ออกไป) ห่างไกล
十日,とおか,ten days; tenth day of the month,สิบวัน; วันที่สิบของเดือน
時々,ときどき,sometimes,บางครั้ง
時計,とけい,a watch; a clock,นาฬิกา; นาฬิกา
どこ,どこ,"where, what place",ที่ไหน สถานที่อะไร
所,ところ,place,สถานที่
年,とし,"year, age","ปี, อายุ"
図書館,としょかん,library,ห้องสมุด
どちら,どちら,which (one) (way); where (polite),ซึ่ง (หนึ่ง) (ทาง); ที่ไหน (สุภาพ)
どっち,どっち,"which one, which way",อันไหนทางไหน
とても,とても,"very (much), greatly, exceedingly","มาก (มาก), อย่างมาก, อย่างยิ่ง"
どなた,どなた,who,ใคร
隣,となり,"next to, next door to",ข้างๆ ข้างๆ
どの,どの,which,ซึ่ง
飛ぶ,とぶ,"to fly, to hop","บิน, กระโดด"
止まる,とまる,to come to a halt,ต้องหยุดชะงัก
友達,ともだち,friend,เพื่อน
土曜日,どようび,Saturday,วันเสาร์
鳥,とり,"chicken (lit., bird)",ไก่ (ไฟ. นก)
鶏肉,とりにく,chicken meat,เนื้อไก่
取る,とる,to take (a class); to get (a grade),เข้าเรียน (ชั้นเรียน); เพื่อให้ได้ (เกรด)
撮る,とる,"to take (a photo), to make (a film)",ถ่ายรูป (ภาพถ่าย) จัดทำ (ภาพยนตร์)
どれ,どれ,which one,อันไหน
どんな,どんな,"what, what kind of",อะไร แบบไหน
ない,ない,"there isn't, doesn't have",ไม่มี ไม่มี
ナイフ,ナイフ,knife,มีด
中,なか,"inside, middle, among","ภายใน, กลาง, หมู่"
長い,ながい,"long, lengthy","ยาว, ยาว"
鳴く,なく,to make sound (animal),ทำเสียง (สัตว์)
無くす,なくす,to lose something,การสูญเสียบางสิ่งบางอย่าง
なぜ,なぜ,why (same as どうして),ทำไม (เหมือนกับ どうして)
夏,なつ,summer,ฤดูร้อน
夏休み,なつやすみ,summer vacation,วันหยุดฤดูร้อน
七つ,ななつ,seven things,เจ็ดสิ่ง
何,なん,what,อะไร
七日,なのか,seven days; seventh day (of the month),เจ็ดวัน; วันที่เจ็ด (ของเดือน)
名前,なまえ,name,ชื่อ
習う,ならう,to learn,เพื่อเรียนรู้
並ぶ,ならぶ,"to line up, to stand in a line (v.i.)","เข้าแถว, ยืนเข้าแถว (vi.)"
並べる,ならべる,to put (things) side by side; to line up,วาง (สิ่งของ) ไว้เคียงข้างกัน เข้าแถว
なる,なる,to become,ที่จะกลายเป็น
にぎやか,にぎやか,"bustling, busy",คึกคัก วุ่นวาย
肉,にく,meat,เนื้อ
西,にし,west,ตะวันตก
日曜日,にちようび,Sunday,วันอาทิตย์
荷物,にもつ,luggage; baggage,กระเป๋าเดินทาง; สัมภาระ
ニュース,ニュース,news,ข่าว
庭,にわ,garden,สวน
脱ぐ,ぬぐ,to take off (clothes),ถอด (เสื้อผ้า)
温い,ぬるい,lukewarm,อุ่นๆ
ネクタイ,ネクタイ,"tie, necktie",เนคไท เนคไท
猫,ねこ,cat,แมว
寝る,ねる,to sleep; to go to sleep; to go to bed,นอน; ไปนอน; ไปนอน
ノート,ノート,notebook,สมุดบันทึก
登る,のぼる,to climb,ที่จะปีน
飲み物,のみもの,"drink, beverage",ดื่มเครื่องดื่ม
飲む,のむ,to drink,ดื่ม
乗る,のる,"to get on, to ride in, to board",ขึ้น ขึ้นรถ ขึ้นรถ
パーティー,パーティー,a party,ปาร์ตี้
はい,はい,yes,ใช่
灰皿,はいざら,ashtray,ที่เขี่ยบุหรี่
入る,はいる,"to enter, to contain, to hold","เข้าไป, บรรจุ, ถือ"
葉書,はがき,postcard,โปสการ์ด
はく,はく,to put on (items below your waist),ที่จะสวมใส่ (รายการที่อยู่ต่ำกว่าเอวของคุณ)
箱,はこ,box,กล่อง
橋,はし,bridge,สะพาน
箸,はし,chopsticks,ตะเกียบ
始まる,はじまる,(something) begins,(บางสิ่ง) เริ่มต้น
初め,はじめ,"beginning, start",เริ่ม เริ่ม
初めて,はじめて,for the first time,เป็นครั้งแรก
走る,はしる,to run,เพื่อทำงาน
バス,バス,bus; bath; bass,รสบัส; อาบน้ำ; เบส
バター,バター,butter,เนย
二十歳,はたち,20 years old,อายุ 20 ปี
働く,はたらく,to work,ไปทำงาน
八,はち,eight,แปด
二十日,はつか,"twenty days, twentieth (day of the month)",ยี่สิบวันที่ยี่สิบ (วันของเดือน)
花,はな,flower,ดอกไม้
鼻,はな,nose,จมูก
話,はなし,"talk (chat), story",พูดคุย (แชท) เรื่องราว
話す,はなす,to speak,พูด
母,はは,(my) mother,(ของฉัน) แม่
早い,はやい,early,ต้น
速い,はやい,"fast, quick",รวดเร็ว ทันใจ
春,はる,spring,ฤดูใบไม้ผลิ
貼る,はる,to post; to paste; to attach,โพสต์; วาง; เพื่อแนบ
晴れ,はれ,clear (sunny) weather,อากาศแจ่มใส (แดดแรง)
晴れる,はれる,to be sunny,ให้มีแดด
半,はん,"half (e.g., にじはん | half-past two)",ครึ่ง (เช่น にじHAん | สองทุ่มครึ่ง)
晩,ばん,evening,ตอนเย็น
パン,パン,bread,ขนมปัง
ハンカチ,ハンカチ,handkerchief,ผ้าเช็ดหน้า
番号,ばんごう,"number, series of digits",หมายเลข ชุดตัวเลข
晩御飯,ばんごはん,"dinner, evening meal",มื้อเย็น มื้อเย็น
半分,はんぶん,half,ครึ่ง
東,ひがし,east,ทิศตะวันออก
引く,ひく,"to pull, to draw; subtract","ดึง, วาด; ลบ"
弾く,ひく,to play (a string instrument or piano),เล่น (เครื่องสายหรือเปียโน)
低い,ひくい,"short, low",สั้นต่ำ
飛行機,ひこうき,airplane,เครื่องบิน
左,ひだり,left hand side,ด้านซ้ายมือ
人,ひと,"man, person",ผู้ชาย คน
一つ,ひとつ,one thing,สิ่งหนึ่ง
一月,ひとつき,one month,หนึ่งเดือน
一人,ひとり,one person,คนหนึ่ง
暇,ひま,"free time, leisure",เวลาว่าง พักผ่อน
百,ひゃく,hundred,ร้อย
病院,びょういん,hospital,โรงพยาบาล
病気,びょうき,illness; sickness,การเจ็บป่วย; ความเจ็บป่วย
平仮名,ひらがな,hiragana,ฮิระงะนะ
昼,ひる,"noon, daytime",เที่ยงวัน
昼御飯,ひるごはん,"lunch, midday meal","มื้อเที่ยง, มื้อเที่ยง"
広い,ひろい,spacious; wide; broad,กว้างขวาง; กว้าง; กว้าง
フィルム,フィルム,film (roll of),ฟิล์ม (ม้วน)
封筒,ふうとう,envelope,ซองจดหมาย
プール,プール,swimming pool,สระว่ายน้ำ
フォーク,フォーク,fork,ส้อม
吹く,ふく,"to blow (wind, etc.)",พัด (ลม ฯลฯ )
服,ふく,clothes,เสื้อผ้า
二つ,ふたつ,two things,สองสิ่ง
豚肉,ぶたにく,pork,หมู
二人,ふたり,two people,คนสองคน
二日,ふつか,two days; second day of the month,สองวัน; วันที่สองของเดือน
太い,ふとい,"fat, thick",อ้วนหนา
冬,ふゆ,winter,ฤดูหนาว
降る,ふる,"to precipitate, to fall (e.g., rain, snow, etc.)",ตกตะกอน (เช่น ฝน หิมะ ฯลฯ)
古い,ふるい,"old (in reference to objects, not people), aged, ancient",เก่า (อ้างอิงถึงวัตถุ ไม่ใช่คน) เก่า โบราณ
文章,ぶんしょう,"sentence, text",ประโยค ข้อความ
ページ,ページ,a page,หน้า
下手,へた,"unskillful, poor","ไร้ฝีมือ, ยากจน"
ベッド,ベッド,bed,เตียง
ペット,ペット,pet,สัตว์เลี้ยง
部屋,へや,a room,ห้องหนึ่ง
辺,へん,"area, vicinity",พื้นที่ใกล้เคียง
ペン,ペン,pen,ปากกา
便利,べんり,"convenient, handy",สะดวก พกพา
帽子,ぼうし,hat; cap,หมวก; หมวก
ボールペン,ボールペン,ball-point pen,ปากกาลูกลื่น
ポケット,ポケット,pocket,กระเป๋า
欲しい,ほしい,"to want, in need of","ต้องการ, ต้องการ"
ポスト,ポスト,"mailbox; post, position",ตู้ไปรษณีย์; โพสต์ตำแหน่ง
細い,ほそい,"thin, slender, fine",ผอมเพรียวเพรียว
ボタン,ボタン,button,ปุ่ม
ホテル,ホテル,hotel,โรงแรม
本,ほん,book,หนังสือ
本棚,ほんだな,bookshelf,ชั้นวางหนังสือ
本当,ほんとう,"real, true",จริง จริง
毎朝,まいあさ,every morning,ทุกเช้า
毎月,まいげつ,"every month, monthly",ทุกเดือน ทุกเดือน
毎週,まいしゅう,every week,ทุกสัปดาห์
毎日,まいにち,every day,ทุกวัน
毎年,まいねん,"every year, yearly, annually",ทุกปี ทุกปี ทุกปี
毎晩,まいばん,every night,ทุกคืน
前,まえ,"before, in front",ก่อน ข้างหน้า
曲る,まがる,"to turn, to bend",เลี้ยวโค้ง
まずい,まずい,"terrible (in reference to food), unappetizing, unpleasant (taste)","แย่มาก (หมายถึงอาหาร), ไม่น่ารับประทาน, ไม่พึงประสงค์ (รสชาติ)"
また,また,and; furthermore,และ; นอกจากนี้
まだ,まだ,"yet, still, besides",แต่ถึงกระนั้น นอกจาก
町,まち,town; city,เมือง; เมือง
待つ,まつ,to wait,รอ
まっすぐ,まっすぐ,"straight (ahead), direct",ตรง (ข้างหน้า) ตรง
マッチ,マッチ,match,จับคู่
窓,まど,window,หน้าต่าง
丸い,まるい,"round, circular","กลม, กลม"
万,まん,ten thousand,หมื่น
万年筆,まんねんひつ,fountain pen,ปากกาหมึกซึม
磨く,みがく,to brush (teeth); to polish,แปรงฟัน (ฟัน); ขัดเงา
右,みぎ,right hand side,ด้านขวามือ
短い,みじかい,short (length),สั้น (ความยาว)
水,みず,water,น้ำ
店,みせ,"store, shop","ร้านค้า, ร้านค้า"
見せる,みせる,"to show, to display",เพื่อแสดงเพื่อแสดง
道,みち,"road, street; way, directions","ถนน, ถนน; ทาง, ทิศทาง"
三日,みっか,"three days, third day of the month",สามวัน วันที่สามของเดือน
三つ,みっつ,three things,สามสิ่ง
緑,みどり,green,เขียว
皆さん,みなさん,"all of you, everyone",ทุกท่าน ทุกคน
南,みなみ,South,ใต้
耳,みみ,ear,หู
見る,みる,"to see, to look",เพื่อดูเพื่อดู
みんな,みんな,"all, everyone, everybody",ทั้งหมด ทุกคน ทุกคน
六日,むいか,six days; sixth day of month,หกวัน; วันที่หกของเดือน
向こう,むこう,"beyond, over there",ไกลออกไป ตรงนั้น
難しい,むずかしい,difficult,ยาก
六つ,むっつ,six things,หกสิ่ง
村,むら,village,หมู่บ้าน
メートル,メートル,meter,เมตร
眼鏡,めがね,eye glasses,แว่นสายตา
もう,もう,already; again; more,เรียบร้อยแล้ว; อีกครั้ง; เพิ่มเติม
木曜日,もくようび,Thursday,พฤหัสบดี
もしもし,もしもし,Hello? (used on the phone),สวัสดี? (ใช้บนโทรศัพท์)
持つ,もつ,"to hold, to carry; to possess","ถือ, พกพา; ที่จะครอบครอง"
もっと,もっと,more,เพิ่มเติม
物,もの,thing (concrete object),สิ่ง (วัตถุคอนกรีต)
門,もん,gate,ประตู
問題,もんだい,a problem,ปัญหา
八百屋,やおや,greengrocer,พ่อพันธุ์แม่พันธุ์
野菜,やさい,vegetable,ผัก
易しい,やさしい,"easy, plain, simple",ง่าย ธรรมดา เรียบง่าย
安い,やすい,inexpensive; cheap (things),ราคาไม่แพง; ราคาถูก (สิ่งของ)
休み,やすみ,holiday; day off; absence,วันหยุด; วันหยุด; ขาด
休む,やすむ,"to rest, to have a break, to get time off",พักผ่อน พักผ่อน พักผ่อน
八つ,やっつ,eight things,แปดสิ่ง
山,やま,mountain,ภูเขา
やる,やる,"to do; to give (to pets, parents, siblings, etc.)",ที่จะทำ; ให้ (แก่สัตว์เลี้ยง พ่อแม่ พี่น้อง ฯลฯ)
夕方,ゆうがた,"late afternoon (typically just before dinner time), evening",ช่วงบ่าย (โดยทั่วไปก่อนเวลาอาหารเย็น) ตอนเย็น
夕飯,ゆうはん,"dinner, supper, evening meal",มื้อเย็น มื้อเย็น มื้อเย็น
郵便局,ゆうびんきょく,post office,ที่ทำการไปรษณีย์
昨夜,ゆうべ,last night,เมื่อคืน
有名,ゆうめい,famous,มีชื่อเสียง
雪,ゆき,snow,หิมะ
ゆっくりと,ゆっくりと,"slowly, at ease",ค่อยๆ สบายใจ
八日,ようか,eight days; eighth day of the month,แปดวัน; วันที่แปดของเดือน
洋服,ようふく,Western-style clothes,เสื้อผ้าสไตล์ตะวันตก
よく,よく,"frequently, often (much); well, skillfully","บ่อยครั้ง, บ่อยครั้ง (มาก); ก็เก่งนะ"
横,よこ,beside; side; width,ข้าง; ด้านข้าง; ความกว้าง
四日,よっか,four days; fourth day of the month,สี่วัน; วันที่สี่ของเดือน
四つ,よっつ,four things,สี่สิ่ง
呼ぶ,よぶ,to call (one's name); to invite,โทร (ชื่อ); เพื่อเชิญ
読む,よむ,to read,อ่าน
夜,よる,"evening, night",ตอนเย็น กลางคืน
弱い,よわい,weak,อ่อนแอ
来月,らいげつ,next month,เดือนหน้า
来週,らいしゅう,next week,สัปดาห์หน้า
来年,らいねん,next year,ปีหน้า
ラジオ,ラジオ,radio,วิทยุ
ラジオカセ,ラジオカセ,radio cassette player,เครื่องเล่นเทปวิทยุ
りっぱ,りっぱ,"splendid, fine",สุดยอดเลย
留学生,りゅうがくせい,international student,นักเรียนต่างชาติ
両親,りょうしん,"parents (lit., both parents)",พ่อแม่ (ตัวอักษรทั้งพ่อและแม่)
料理,りょうり,cooking; cuisine,การทำอาหาร; อาหาร
旅行,りょこう,"travel, trip",การเดินทางการเดินทาง
零,れい,"zero, nought",ศูนย์ไม่มีอะไรเลย
冷蔵庫,れいぞうこ,refrigerator,ตู้เย็น
レコード,レコード,record,บันทึก
レストラン,レストラン,restaurant,ร้านอาหาร
廊下,ろうか,corridor,ทางเดิน
六,ろく,six,หก
ワイシャツ,ワイシャツ,"shirt (lit: white shirt), business shirt","เสื้อเชิ้ต (ตัวอักษร: เสื้อเชิ้ตสีขาว), เสื้อเชิ้ตธุรกิจ"
若い,わかい,young,หนุ่ม
分かる,わかる,to understand,ที่จะเข้าใจ
忘れる,わすれる,to forget,เพื่อลืม
私,わたし,"I, myself",ฉันเอง
渡す,わたす,to hand (something) over (v.t.); to get across,มอบ (บางสิ่ง) ให้ (v.t.); เพื่อข้าม
渡る,わたる,"to cross over, to go across","ข้าม, ข้าม"
悪い,わるい,"bad, sinful; inferior",ไม่ดีบาป; ด้อยกว่า
踏む,ふむ,"to step on, to tread on",ก้าวต่อไป ก้าวต่อไป
すっと,すっと,"straight, quickly",ตรงไปอย่างรวดเร็ว
盗む,ぬすむ,to steal; to rob,ขโมย; เพื่อปล้น
大抵,たいてい,"generally, usually",โดยทั่วไปมักจะ
とうとう,とうとう,"finally, at last",ในที่สุด
ガソリン,ガソリン,"gasoline, petrol","น้ำมันเบนซิน, น้ำมันเบนซิน"
鳴る,なる,"to sound, to ring (v.i.)","ส่งเสียง, ดัง (v.i.)"
しっかり,しっかり,"firmly, steady",มั่นคง มั่นคง
生きる,いきる,to live,ที่จะมีชีวิตอยู่
苦い,にがい,bitter,ขม
沸く,わく,"to boil, to grow hot",ต้มให้ร้อน
意見,いけん,"opinion, view, idea",ความคิดเห็น มุมมอง ความคิด
やはり,やはり,"as I thought, absolutely",อย่างที่ฉันคิดไว้อย่างแน่นอน
漫画,まんが,"comic (book), cartoon",การ์ตูน (หนังสือ) การ์ตูน
ステレオ,ステレオ,stereo,สเตอริโอ
医学,いがく,medical science,วิทยาศาสตร์การแพทย์
テキスト,テキスト,text; text book,ข้อความ; หนังสือเรียน
折る,おる,"to snap, to break; to bend","หัก, หัก; ที่จะโค้งงอ"
うかがう,うかがう,to ask,ถาม
聞こえる,きこえる,"to be heard, to be audible","ที่จะได้ยิน, ที่จะได้ยิน"
僕,ぼく,I (used by men towards those of equal or lower status),ฉัน (ผู้ชายใช้กับผู้ที่มีสถานะเท่ากันหรือต่ำกว่า)
必ず,かならず,"surely, certainly",แน่นอนอย่างแน่นอน
壊す,こわす,"to break, to break down","พัง, พัง"
怒る,おこる,to get angry; to scold angrily,โกรธ; ดุอย่างโกรธ
床屋,とこや,barber's (shop),ร้านตัดผม (ร้านค้า)
オートバイ,オートバイ,motorcycle (lit: auto-bi(ke)),มอเตอร์ไซค์ (สว่าง: auto-bi(ke))
運動,うんどうする,exercise,ออกกำลังกาย
止む,やむ,"to cease, to stop",หยุดหยุด
もし,もし,if,ถ้า
表,おもて,surface; front; outside,พื้นผิว; ด้านหน้า; ภายนอก
大学生,だいがくせい,"college student, university student","นักศึกษาวิทยาลัย, นักศึกษามหาวิทยาลัย"
運転手,うんてんしゅ,driver (by occupation),คนขับ (ตามอาชีพ)
予習,よしゅう,preparation of lessons (for class),การเตรียมบทเรียน (สำหรับชั้นเรียน)
心配,しんぱいする,"worry, concern","กังวล, กังวล"
別,べつ,"distinction, different",ความแตกต่าง แตกต่าง
非常に,ひじょうに,extremely; very,อย่างที่สุด; มาก
お宅,おたく,(someone else's) house; home -- polite word for 家 (いえ) --,บ้าน (ของคนอื่น) บ้าน -- คำสุภาพสำหรับ 家 (いえ) --
柔らかい,やわらかい,"soft (in reference to texture), tender","นุ่ม (อ้างอิงถึงเนื้อสัมผัส), นุ่ม"
拾う,ひろう,"to pick up (something), to find",หยิบ (บางสิ่ง) เพื่อค้นหา
比べる,くらべる,to compare,เพื่อเปรียบเทียบ
ほとんど,ほとんど,"mostly, almost",ส่วนใหญ่เกือบ
つもり,つもり,"intention, plan",ความตั้งใจ แผน
郊外,こうがい,"suburb, outskirts","ชานเมือง, นอกเมือง"
だめ,だめ,"useless, no good, hopeless",ไร้ประโยชน์ ไม่ดี สิ้นหวัง
売り場,うりば,place where things are sold,สถานที่ขายของ
正月,しょうがつ,"New Year, New Year's Day",ปีใหม่ วันปีใหม่
規則,きそく,"rule, regulation",กฎข้อบังคับ
うん,うん,"yes (informal), all right (ok)",ใช่ (ไม่เป็นทางการ) เอาล่ะ (ตกลง)
発音,はつおん,pronunciation,การออกเสียง
焼く,やく,"to bake, to grill","อบ, ย่าง"
屋上,おくじょう,rooftop,บนชั้นดาดฟ้า
失礼,しつれい,"discourtesy, impoliteness; Excuse me",ความไม่สุภาพความไม่สุภาพ; ขออนุญาต
ごみ,ごみ,"trash, garbage","ขยะ, ขยะ"
アフリカ,アフリカ,Africa,แอฟริกา
点,てん,"mark, score, grade; point, dot",ทำเครื่องหมาย คะแนน เกรด; จุด จุด
一生懸命,いっしょうけんめい,"very hard (as in ""to work hard""), with utmost effort","ยากมาก (เช่นเดียวกับ ""ทำงานหนัก"") ด้วยความพยายามอย่างเต็มที่"
今度,こんど,"now, this time, near future, one of these days, next time",ตอนนี้ คราวนี้ อนาคตอันใกล้ สักวันหนึ่ง คราวหน้า
機会,きかい,"chance, opportunity",โอกาสโอกาส
建てる,たてる,to build,เพื่อสร้าง
複雑,ふくざつ,"complexity, complication",ความซับซ้อน ภาวะแทรกซ้อน
彼,かれ,"he, boyfriend",เขา แฟน
いらっしゃる,いらっしゃる,"-- honorific expression for いく, くる, and いる --","-- สำนวนแสดงเกียรติสำหรับ いく, くrum และ いた --"
布団,ふとん,futon,ฟูก
大事,だいじ,"important, valuable, serious matter",เรื่องสำคัญ มีคุณค่า เรื่องจริงจัง
贈り物,おくりもの,a gift; a present,ของขวัญ; ของขวัญ
泥棒,どろぼう,thief; burglar,ขโมย; หัวขโมย
注意,ちゅうい,"caution, attention","ข้อควรระวัง, ความสนใจ"
台風,たいふう,typhoon,พายุไต้ฝุ่น
通る,とおる,"to pass (by), to go through",ผ่านไป (โดย) ผ่านไป
過ぎる,すぎる,"to exceed, to go beyond","เกินกว่า, เกินกว่า"
レポート,レポート,report,รายงาน
必要,ひつよう,necessary,จำเป็น
課長,かちょう,section manager,ผู้จัดการส่วน
地震,じしん,earthquake,แผ่นดินไหว
すると,すると,"and, then",แล้วก็
止める,やめる,"to end, to stop",เพื่อสิ้นสุดเพื่อหยุด
ガラス,ガラス,"glass, pane","กระจก, บานหน้าต่าง"
厳しい,きびしい,hard; rigorous; strict,แข็ง; เข้มงวด; เข้มงวด
エスカレーター,エスカレーター,escalator,บันไดเลื่อน
人口,じんこう,population,ประชากร
月,つき,moon,ดวงจันทร์
絹,きぬ,silk,ไหม
ちっとも,ちっとも,not at all (neg. verb),ไม่เลย (neg. กริยา)
深い,ふかい,"deep, profound",ลึกซึ้ง ลึกซึ้ง
壊れる,こわれる,"to be broken, to break","พัง, พัง"
揺れる,ゆれる,"to shake, to sway",สั่นไหว
落る,おちる,"to fall, to drop","ล้ม, หล่น"
できるだけ,できるだけ,"if at all possible, as much as possible",ถ้าเป็นไปได้ให้มากที่สุด
悲しい,かなしい,"sad, sorrowful",เศร้า เสียใจ
中学校,ちゅうがっこう,junior high school pupil,นักเรียนมัธยมต้น
ガス,ガス,gas,แก๊ส
祈る,いのる,to pray; to wish,อธิษฐาน; ความปรารถนา
盛ん,さかん,"prosperous, active, thriving",เจริญรุ่งเรือง กระตือรือร้น เจริญรุ่งเรือง
アルバイト,アルバイト,part-time job,งานพาร์ทไทม์
起こす,おこす,to wake (someone) up,เพื่อปลุก (บางคน) ให้ตื่น
致す,いたす,-- extra-modest expression for する --,-- สำนวนที่สุภาพเป็นพิเศษสำหรับ sururu --
噛む,かむ,"to bite, to chew","กัด, เคี้ยว"
赤ちゃん,あかちゃん,"baby, infant",ที่รัก เด็กทารก
浅い,あさい,"shallow, superficial",ตื้นผิวเผิน
嘘,うそ,lie,โกหก
小説,しょうせつ,novel,นวนิยาย
親,おや,a parent,ผู้ปกครอง
それに,それに,moreover; besides,นอกจากนี้; นอกจากนี้
西洋,せいよう,"the West, Western countries","ตะวันตก, ประเทศตะวันตก"
思う,おもう,"to think, to feel",คิดรู้สึก
時代,じだい,"age, period, epoch, era",อายุ ยุคสมัย ยุคสมัย
申し上げる,もうしあげる,"(humble)to say, to tell",(ถ่อมตัว)พูดบอก
出席,しゅっせきする,attendance,การเข้าร่วม
迎える,むかえる,to welcome; to meet; to greet,ยินดีต้อนรับ; พบกัน; ทักทาย
触る,さわる,"to touch, to feel","สัมผัส, รู้สึก"
社長,しゃちょう,president of a company,ประธานบริษัท
動物園,どうぶつえん,zoo,สวนสัตว์
捕まえる,つかまえる,"to catch, to arrest","จับ, จับกุม"
季節,きせつ,season (in reference to weather),ฤดูกาล (อ้างอิงกับสภาพอากาศ)
寄る,よる,to stop by,เพื่อแวะมา
決まる,きまる,to be set; fixed (v.i.),ที่จะตั้งค่า; คงที่ (vi.)
逃げる,にげる,"to escape, to run away","หนี, วิ่งหนี"
だから,だから,so; therefore,ดังนั้น; ดังนั้น
残念,ざんねん,regret; regrettable,เสียใจ; น่าเสียดาย
畳,たたみ,tatami mat (Japanese straw mat),เสื่อทาทามิ (เสื่อฟางญี่ปุ่น)
丁寧,ていねい,"polite, courteous, careful","สุภาพ, สุภาพ, ระมัดระวัง"
地理,ちり,geography,ภูมิศาสตร์
さっき,さっき,a little while ago,เมื่อสักครู่ที่ผ่านมา
怖い,こわい,"scary, frightening",น่ากลัวน่ากลัว
包む,つつむ,"to wrap, to cover",ห่อเพื่อปกปิด
なるべく,なるべく,"if possible, as much as possible",ถ้าเป็นไปได้ให้มากที่สุด
無理,むり,"unreasonable, impossible","ไม่สมเหตุสมผล, เป็นไปไม่ได้"
サンドイッチ,サンドイッチ,sandwich,แซนด์วิช
会議室,かいぎしつ,conference room,ห้องประชุม
品物,しなもの,goods,สินค้า
人形,にんぎょう,"doll, figure",ตุ๊กตาฟิกเกอร์
利用,りよう,"use, utilization","การใช้, การใช้ประโยชน์"
飾る,かざる,"to decorate, to adorn","ประดับ, ประดับ"
恥ずかしい,はずかしい,"ashamed, embarrassed",เขินอาย
用事,ようじ,business to take care of; tasks; errands,ธุรกิจที่ต้องดูแล งาน; ธุระ
ビル,ビル,(abbr.) building,(คำย่อ) อาคาร
けんかする,けんかする,quarrel,ทะเลาะวิวาท
頑張る,がんばる,"to try one's best, to try hard, to persist",พยายามอย่างเต็มที่ พยายามอย่างหนัก อดทน
投げる,なげる,"to pitch, to cast away","ขว้าง, โยนทิ้งไป"
故障,こしょうする,breakdown,พัง
力,ちから,"strength, power","ความแข็งแกร่ง, พลัง"
受ける,うける,"to take (an examination, interview, etc.); to receive",ที่จะทำ (การสอบ สัมภาษณ์ ฯลฯ ); ที่จะได้รับ
気分,きぶん,"feeling, mood",ความรู้สึก อารมณ์
間違える,まちがえる,to make a mistake,ที่จะทำผิดพลาด
そんな,そんな,"such, like that, that sort of",เช่นนั้น เช่นนั้น
星,ほし,star,ดาว
場合,ばあい,"case, situation",กรณี สถานการณ์
やっと,やっと,"at last, finally",ในที่สุด ในที่สุดก็
足りる,たりる,to be sufficient; to be enough,ให้เพียงพอ; ถึงจะเพียงพอ
行う,おこなう,to carry out; to conduct (typically used in written language),ดำเนินการ; เพื่อดำเนินการ (โดยทั่วไปจะใช้ในภาษาเขียน)
ぶどう,ぶどう,grapes,องุ่น
無くなる,なくなる,"to disappear, to get lost","หายไป, หายไป"
準備,じゅんびする,prepare,เตรียม
世界,せかい,world,โลก
住所,じゅうしょ,address; place of residence,ที่อยู่; ถิ่นที่อยู่
再来月,さらいげつ,the month after next,เดือนถัดไป
林,はやし,"woods, forest",ป่า ป่าไม้
倍,ばい,double,สองเท่า
痩せる,やせる,to lose weight,ลดน้ำหนัก
線,せん,"line, wire",เส้นลวด
戦争,せんそう,war,สงคราม
決める,きめる,to decide (v.t.),ตัดสินใจ (v.t.)
調べる,しらべる,to check; to look up; to inquire; to search,เพื่อตรวจสอบ; เงยหน้าขึ้นมอง; สอบถาม; เพื่อค้นหา
寝坊,ねぼう,sleeping in late,นอนดึก
パパ,パパ,"papa, daddy",พ่อ พ่อ
光る,ひかる,"to shine, to glitter",ส่องแสงแวววาว
夫,おっと,husband,สามี
雲,くも,cloud,เมฆ
坂,さか,"slope, hill",ความลาดชันเนินเขา
飛行場,ひこうじょう,airport,สนามบิน
柔道,じゅうどう,judo,ยูโด
決して,けっして,never,ไม่เคย
事務所,じむしょ,office,สำนักงาน
連絡,れんらく,"communication, contact, connection",การสื่อสาร การติดต่อ การเชื่อมต่อ
小学校,しょうがっこう,elementary school,โรงเรียนประถมศึกษา
客,きゃく,"guest, customer",แขก ลูกค้า
昔,むかし,old days; past,วันเก่า; อดีต
美しい,うつくしい,"beautiful, lovely",สวย น่ารัก
捨てる,すてる,"throw away (trash), dump, discard","ทิ้ง (ขยะ), ทิ้ง, ทิ้ง"
なさる,なさる,-- honorific expression for する --,-- สำนวนแสดงความเคารพสำหรับ sururu --
事,こと,"thing(s), matter(s), fact",สิ่งของ เรื่อง ข้อเท็จจริง
どんどん,どんどん,quickly and steadily; at a rapid pace,อย่างรวดเร็วและมั่นคง อย่างรวดเร็ว
試合,しあい,"match, game, competition",การแข่งขัน เกม การแข่งขัน
適当,てきとう,"fitness, suitability",ฟิตเนส ความเหมาะสม
素晴らしい,すばらしい,wonderful; terrific,มหัศจรรย์; ยอดเยี่ยมมาก
美術館,びじゅつかん,"art gallery, art museum","หอศิลป์, พิพิธภัณฑ์ศิลปะ"
文法,ぶんぽう,grammar,ไวยากรณ์
終わり,おわり,end,จบ
壁,かべ,wall,ผนัง
一度,いちど,"once, one time",ครั้งหนึ่ง ครั้งหนึ่ง
お礼,おれい,expression of gratitude; thanking; gift of appreciation; bow,การแสดงความรู้สึกขอบคุณ ขอบคุณ; ของขวัญแห่งความขอบคุณ โค้งคำนับ
親切,しんせつ,kindness,ความเมตตา
知らせる,しらせる,to notify,เพื่อแจ้งเตือน
歯医者,はいしゃ,dentist,ทันตแพทย์
熱心,ねっしん,enthusiasm,ความกระตือรือร้น
始める,はじめる,"to start, to begin",เพื่อเริ่มต้นเพื่อเริ่มต้น
もらう,もらう,to receive,ที่จะได้รับ
泣く,なく,to cry,ร้องไห้
治る,なおる,to get better; to recover from illness (v.i.),ให้ดีขึ้น; หายจากโรคภัยไข้เจ็บ (vi.)
熱,ねつ,"fever, temperature",ไข้ อุณหภูมิ
お祭り,おまつり,festival,เทศกาล
水道,すいどう,"water service, water line",บริการน้ำประปา สายส่งน้ำ
匂い,におい,"odor, smell",กลิ่นกลิ่น
ベル,ベル,bell,กระดิ่ง
赤ん坊,あかんぼう,baby,ที่รัก
おかしい,おかしい,strange; odd; funny,แปลก; แปลก; ตลก
事故,じこ,accident,อุบัติเหตุ
変,へん,"strange, odd","แปลก, แปลก"
辞典,じてん,"encyclopedia, reference book",สารานุกรม หนังสืออ้างอิง
残る,のこる,"to remain (v.i.), to be left",ยังคงอยู่ (v.i.) ทิ้งไว้
立てる,たてる,"to stand (something) up, to erect (something)",ยืน (บางสิ่ง) ขึ้น สร้าง (บางสิ่ง)
くれる,くれる,"to give, to do for",ให้ทำเพื่อ
原因,げんいん,"cause, origin, source",สาเหตุ ต้นกำเนิด แหล่งที่มา
驚く,おどろく,"to be surprised, to be astonished",ต้องประหลาดใจ ต้องประหลาดใจ
祖母,そぼ,grandmother,คุณย่า
場所,ばしょ,"place, location","สถานที่, ที่ตั้ง"
答,こたえ,"answer, response","ตอบ, ตอบ"
もちろん,もちろん,"certainly, of course",แน่นอนแน่นอน
漬ける,つける,"to soak, to moisten, to pickle","แช่, ชุบ, ดอง"
受付,うけつけ,reception(ist) desk,แผนกต้อนรับ (ist) โต๊ะทำงาน
内,うち,"within, inside","ภายใน, ภายใน"
スクリーン,スクリーン,screen,หน้าจอ
増える,ふえる,"to increase, to multiply","เพื่อเพิ่ม, คูณ"
または,または,"or, otherwise",หรืออย่างอื่น
けがする,けがする,"injury (to animate object), hurt",การบาดเจ็บ (เพื่อทำให้วัตถุเคลื่อนไหว) เจ็บ
以下,いか,"less than, below",น้อยกว่า ต่ำกว่า
選ぶ,えらぶ,to choose; to select,ที่จะเลือก; เพื่อเลือก
心,こころ,"heart, mind",หัวใจจิตใจ
サラダ,サラダ,salad,สลัด
届ける,とどける,to deliver (v.t.),ส่งมอบ (v.t.)
挨拶,あいさつする,greet(ing),ทักทาย(ไอเอ็นจี)
景色,けしき,"scenery, landscape",ทิวทัศน์ ทิวทัศน์
確か,たしか,"if I remember correctly; certain, definite",ถ้าฉันจำไม่ผิด; แน่นอนแน่นอน
ステーキ,ステーキ,steak,สเต็ก
食料品,しょくりょうひん,"foodstuff, groceries","อาหาร, ร้านขายของชำ"
森,もり,forest,ป่า
以内,いない,"within, less (no more) than",ภายใน น้อยกว่า (ไม่เกิน)
予定,よてい,"plans, arrangement, schedule",แผน การจัดเตรียม กำหนดการ
オーバー,オーバー,"overcoat; over, exceeding, exaggeration","เสื้อคลุม; เกินเลย, เกินจริง, เกินจริง"
乾く,かわく,to get dry,ให้แห้ง
石,いし,stone,หิน
思い出す,おもいだす,"to recall, to remember","จำ, จำ"
踊る,おどる,to dance,เต้น
細かい,こまかい,"small; fine, minute",เล็ก; ได้เลย นาทีนี้
塗る,ぬる,"to paint, to plaster","ทาสี, ฉาบปูน"
ご主人,ごしゅじん,"(your, her) husband",(ของคุณเธอ) สามี
珍しい,めずらしい,"unusual, rare","ไม่ธรรมดา, หายาก"
用,よう,"errand, task, business (to take care of)",ธุระ งาน ธุระ (ที่ต้องดูแล)
公務員,こうむいん,"government worker, public servant","ข้าราชการ, ข้าราชการ"
お嬢さん,おじょうさん,(someone's) daughter (polite),(ของใครบางคน) ลูกสาว (สุภาพ)
用意,ようい,preparation,การเตรียมตัว
探す,さがす,"to search, to seek, to look for","เพื่อค้นหา, แสวงหา, มองหา"
形,かたち,shape,รูปร่าง
運転,うんてんする,driving,ขับรถ
すっかり,すっかり,"all, completely",ทั้งหมดโดยสมบูรณ์
アナウンサー,アナウンサー,announcer,ผู้ประกาศ
お土産,おみやげ,souvenir,ของที่ระลึก
消しゴム,けしゴム,eraser,ยางลบ
旅館,りょかん,a Japanese inn,โรงแรมญี่ปุ่น
海岸,かいがん,"coast, seashore",ชายฝั่งชายทะเล
寂しい,さびしい,"lonely, lonesome",เหงา เหงา
育てる,そだてる,to raise (v.t.); to bring up,ยก (v.t.); เพื่อนำมา
味噌,みそ,"miso, bean paste","มิโซะ,ถั่วบด"
お祝い,おいわい,"congratulation, celebration",การแสดงความยินดี การเฉลิมฉลอง
乗り物,のりもの,vehicle,ยานพาหนะ
案内,あんないする,"information, guidance",ข้อมูลคำแนะนำ
通う,かよう,to go back and forth; to commute,กลับไปกลับมา; เพื่อเดินทาง
連れる,つれる,"to lead, to take (a person)","เป็นผู้นำ, รับ (คน)"
技術,ぎじゅつ,"technique, technology, skill",เทคนิค เทคโนโลยี ทักษะ
小鳥,ことり,small bird,นกตัวเล็ก
下宿,げしゅく,"lodging, boarding house","ที่พัก, หอพัก"
ジャム,ジャム,jam,แยม
招待,しょうたいする,invitation,คำเชิญ
鏡,かがみ,mirror,กระจก
はず,はず,it should be so,มันควรจะเป็นเช่นนั้น
法律,ほうりつ,law,กฎหมาย
進む,すすむ,"to advance, to proceed",เพื่อก้าวหน้าเพื่อดำเนินการต่อ
楽む,たのしむ,to enjoy,เพลิดเพลินไปกับ
貿易,ぼうえき,trade,ค้าขาย
反対,はんたい,"oppose, opposition, resistance","ต่อต้าน, ต่อต้าน, ต่อต้าน"
おる,おる,-- extra-modest expression for いる --,-- การแสดงออกที่เรียบง่ายเป็นพิเศษสำหรับ いรู --
申す,もうす,-- extra-modest (humble) expression for 言う (いう) --,-- สำนวนที่ถ่อมตัวเป็นพิเศษ (ถ่อมตัว) สำหรับ 言本 (いう) --
試験,しけん,an exam,การสอบ
真面目,まじめ,"diligent, serious",ขยันจริงจัง
店員,てんいん,clerk; shop-employee,พนักงาน; พนักงานร้าน
泊まる,とまる,to stay (over night) (v.i.),อยู่ (ข้ามคืน) (vi.)
よろしい,よろしい,"(hon.) good, OK, all right",(ที่รัก) ดี โอเค เอาล่ะ
今夜,こんや,"this evening, tonight",เย็นนี้ คืนนี้
おつり,おつり,change; balance of money returned to the purchaser,เปลี่ยน; ยอดเงินคงเหลือคืนให้กับผู้ซื้อ
チェックする,チェックする,check,ตรวจสอบ
会話,かいわ,conversation,บทสนทนา
空気,くうき,"air, atmosphere",อากาศ บรรยากาศ
交通,こうつう,"traffic, transportation",การจราจร การขนส่ง
ワープロ,ワープロ,word processor,โปรแกรมประมวลผลคำ
喜ぶ,よろこぶ,"to rejoice, to be delighted, to be glad","ชื่นชมยินดี, ชื่นชมยินดี"
急行,きゅうこう,express train or bus,รถไฟด่วนหรือรถบัส
皆,みな,everyone,ทุกคน
味,あじ,"flavor, taste","รส, รส"
空港,くうこう,airport,สนามบิน
手袋,てぶくろ,glove(s),ถุงมือ
校長,こうちょう,"principal, headmaster","ครูใหญ่, อาจารย์ใหญ่"
ごちそう,ごちそう,"feast, treating (someone)",เลี้ยงฉลอง (บางคน)
踊り,おどり,dance,เต้น
興味,きょうみ,interest (in something),ความสนใจ (ในบางสิ่งบางอย่าง)
引っ越す,ひっこす,to move to a new place of residence,เพื่อย้ายไปยังที่อยู่อาศัยใหม่
冷房,れいぼう,"cooling, air conditioning","ความเย็น, เครื่องปรับอากาศ"
都合,つごう,"circumstances, convenience",สถานการณ์ความสะดวกสบาย
遠慮,えんりょする,"restraint, reserve, hesitate",ยับยั้งชั่งใจ สงวน ลังเล
亡くなる,なくなる,to pass away,ที่จะจากไป
科学,かがく,science,วิทยาศาสตร์
はっきり,はっきり,"clearly, distinctly",ชัดเจน ชัดเจน
差し上げる,さしあげる,-- humble expression for あげる --,-- สำนวนที่ถ่อมตัวสำหรับ あげる --
気持ち,きもち,"feeling, sensation, mood",ความรู้สึก ความรู้สึก
祖父,そふ,grandfather,คุณปู่
港,みなと,"harbor, port",ท่าเรือ ท่าเรือ
予約,よやく,reservation,สำรองห้องพัก
凄い,すごい,"terrific, great",สุดยอดเลยครับ
入学,にゅうがくする,entry to school or university,การเข้าโรงเรียนหรือมหาวิทยาลัย
片付ける,かたづける,"to (clean) tidy up (v.t.), to put away",(ทำความสะอาด) จัดระเบียบ (v.t.) ทิ้ง
写す,うつす,to copy (v.t.); to photograph,คัดลอก (v.t.); เพื่อถ่ายภาพ
パソコン,パソコン,(personal) computer,(ส่วนตัว) คอมพิวเตอร์
部長,ぶちょう,department (division) manager,ผู้จัดการแผนก (แผนก)
火事,かじ,fire,ไฟ
足す,たす,to add (numbers),เพื่อเพิ่ม (ตัวเลข)
教会,きょうかい,church,โบสถ์
彼ら,かれら,they (usually male),พวกเขา (โดยปกติจะเป็นผู้ชาย)
一杯,いっぱい,"full, to the utmost",เต็มที่ที่สุด
アメリカ,アメリカ,"America, U.S.A.",อเมริกา สหรัฐอเมริกา
男性,だんせい,man; male,ผู้ชาย; ชาย
理由,りゆう,reason,เหตุผล
生産,せいさんする,production; to produce,การผลิต; เพื่อผลิต
着物,きもの,kimono; Japanese traditional dress,กิโมโน; การแต่งกายแบบดั้งเดิมของญี่ปุ่น
おもちゃ,おもちゃ,a toy,ของเล่น
暮れる,くれる,"to get dark, to come to an end",มืดมนต้องจบลง
釣る,つる,to fish,ตกปลา
打つ,うつ,"to hit, to strike","ตี, ตี"
あんな,あんな,"such, like that",เช่นนั้น
謝る,あやまる,to apologize,เพื่อขอโทษ
昼間,ひるま,"daytime, during the day","กลางวัน, ระหว่างวัน"
教育,きょういく,education,การศึกษา
女性,じょせい,woman,ผู้หญิง
米,こめ,uncooked rice,ข้าวดิบ
邪魔,じゃま,"hindrance, intrusion",สิ่งกีดขวางการบุกรุก
国際,こくさい,international,ระหว่างประเทศ
隅,すみ,corner,มุม
伺う,うかがう,"humble form of 行く (いく), 聞く (きく) and 来る (くる)","รูปแบบเรียบง่ายของ 行く (いく), 聞く (きく) และ 来る (くる)"
再来週,さらいしゅう,the week after next,สัปดาห์ถัดไป
夢,ゆめ,a dream,ความฝัน
喉,のど,throat,คอ
最近,さいきん,"recently, nowadays, in recent years, most recent, latest","เมื่อเร็ว ๆ นี้, ทุกวันนี้, ในปีที่ผ่านมา, ล่าสุด, ล่าสุด"
周り,まわり,surroundings,สภาพแวดล้อม
歴史,れきし,history,ประวัติศาสตร์
不便,ふべん,inconvenience,ความไม่สะดวก
ひどい,ひどい,"terrible, awful, unfair, cruel",แย่มาก แย่มาก ไม่ยุติธรรม โหดร้าย
例えば,たとえば,"for example, e.g.",ตัวอย่างเช่น เช่น
中々,なかなか,"very, considerably, quite",มาก ค่อนข้างมาก
随分,ずいぶん,extremely,สุดๆ
押し入れ,おしいれ,closet,ตู้เสื้อผ้า
電灯,でんとう,electric light,ไฟไฟฟ้า
叱る,しかる,to scold,จะดุ
サンダル,サンダル,sandal,รองเท้าแตะ
びっくりする,びっくりする,to be surprised,ต้องแปลกใจ
うまい,うまい,delicious; skillful; fortunate,อร่อย; เก่ง; โชคดี
変える,かえる,"to change, to alter, to vary",เปลี่ยนแปลง เปลี่ยนแปลง เปลี่ยนแปลง
講堂,こうどう,auditorium,หอประชุม
沸かす,わかす,to boil,ต้ม
レジ,レジ,register,ลงทะเบียน
しばらく,しばらく,little while,สักพัก
特に,とくに,particularly,โดยเฉพาะ
空く,あく,"to open, to become empty (vacant)",เปิดให้ว่างเปล่า (ว่าง)
計画,けいかくする,"plan, project, schedule",แผน โครงการ กำหนดการ
通り,とおり,"~ Street, ~ Avenue",~ ถนน ~ อเวนิว
下着,したぎ,underwear,ชุดชั้นใน
経済,けいざい,"economics, finance, economy",เศรษฐศาสตร์การเงินเศรษฐกิจ
こう,こう,"like this, this way",แบบนี้ทางนี้
是非,ぜひ,"certainly, by all means; without fail",แน่นอน ไม่ว่าอย่างไรก็ตาม; โดยไม่ล้มเหลว
裏,うら,"reverse side, back","ด้านหลัง, ด้านหลัง"
為,ため,"good, advantage, in order to",ดีได้เปรียบเพื่อที่จะ
おいでになる,おいでになる,(hon.) to be,(ที่รัก) จะเป็น
変わる,かわる,"to change (v.i.), to be transformed, to vary",เปลี่ยนแปลง (vi.) เปลี่ยนแปลง เปลี่ยนแปลง
以外,いがい,"other than, with the exception of, excepting",นอกเหนือจาก ยกเว้น ยกเว้น
済む,すむ,"to finish, to end","จบ, จบ"
ハンバーグ,ハンバーグ,hamburger steak,สเต็กแฮมเบอร์เกอร์
引き出し,ひきだし,drawer,ลิ้นชัก
遊び,あそび,play,เล่น
支度,したくする,preparation,การเตรียมตัว
見える,みえる,to be visible; -- polite verb meaning 来る (くる) --,มองเห็นได้; -- กริยาสุภาพ แปลว่า 来RU (くる) --
十分,じゅうぶん,enough,เพียงพอ
音,おと,"sound, note",เสียง หมายเหตุ
きっと,きっと,"surely, definitely, undoubtedly, certainly",แน่นอน แน่นอน ไม่ต้องสงสัยเลย
まず,まず,"first (of all), to start with",ก่อนอื่น (ทั้งหมด) เริ่มต้นด้วย
遠く,とおく,"far away, distant",ห่างไกล ห่างไกล
大体,だいたい,approximately; in most cases; in general; to begin with (same as もともと),ประมาณ; ในกรณีส่วนใหญ่ โดยทั่วไป; เริ่มต้นด้วย (เหมือนกับ もともと)
折れる,おれる,"to break, to be folded, to give in; to turn (a corner)","หัก, พับ, ยอมจำนน; เลี้ยว (มุม)"
正しい,ただしい,correct,ถูกต้อง
輸入,ゆにゅう,import,นำเข้า
返事,へんじ,"reply, answer",ตอบ ตอบ
産業,さんぎょう,industry,อุตสาหกรรม
伝える,つたえる,"to convey (a message); to tell, to report",ถ่ายทอด (ข้อความ); เพื่อบอกเพื่อรายงาน
お金持ち,かねもち,rich person,คนรวย
説明,せつめい,explanation,คำอธิบาย
島,しま,island,เกาะ
道具,どうぐ,tool,เครื่องมือ
滑る,すべる,"to slide, to slip","เลื่อน, เลื่อน"
それほど,それほど,to that degree; extent,ถึงระดับนั้น; ขอบเขต
以上,いじょう,more than; this is all,มากกว่า; นี่คือทั้งหมด
特急,とっきゅう,limited express (train faster than an express),รถด่วนจำกัด (รถไฟเร็วกว่ารถด่วน)
プレゼント,プレゼント,"present, gift",ของขวัญ
妻,つま,wife (humble),ภรรยา (ถ่อมตัว)
帰り,かえり,"return, coming back",กลับมา กลับมา
具合,ぐあい,"condition, state, health",สภาพ สถานะ สุขภาพ
堅,かたい,"solid, hard, firm","แข็ง, แข็ง, มั่นคง"
駐車場,ちゅうしゃじょう,parking lot,ลานจอดรถ
スーツ,スーツ,suit,สูท
危険,きけん,"danger, risk, hazard","อันตราย, ความเสี่ยง, อันตราย"
髪,かみ,hair,ผม
天気予報,てんきよほう,weather forecast,พยากรณ์อากาศ
彼女,かのじょ,girlfriend; she,แฟน; เธอ
間,あいだ,"space, interval",ช่องว่างช่วงเวลา
卒業,そつぎょう,graduation,การสำเร็จการศึกษา
それで,それで,"and (conj.), thereupon, because of that",และ (conj.) ด้วยเหตุนี้
枝,えだ,"branch, twig",สาขากิ่งไม้
専門,せんもん,major; speciality,วิชาเอก; พิเศษ
そろそろ,そろそろ,"gradually, soon",ค่อยๆ เร็วๆ นี้
送る,おくる,"to send, to dispatch",เพื่อส่งเพื่อส่ง
あげる,あげる,to give,ที่จะให้
騒ぐ,さわぐ,"to make noise, to clamor","ส่งเสียงดัง, ส่งเสียงโห่ร้อง"
尋ねる,たずねる,to inquire (same as 質問する),เพื่อสอบถาม (เหมือนกับ 質問した)
放送,ほうそうする,broadcasting,การออกอากาศ
政治,せいじ,politics,การเมือง
市民,しみん,citizen,พลเมือง
ファックス,ファックス,fax,แฟกซ์
負ける,まける,"to lose (a game) (v.i.), to be defeated",แพ้ (เกม) (vi.) พ่ายแพ้
指輪,ゆびわ,(finger) ring,(นิ้ว) แหวน
田舎,いなか,"rural, countryside",ชนบท ชนบท
見つける,みつける,"to discover, to find (v.t.)","ค้นพบ, ค้นพบ (v.t.)"
高校生,こうこうせい,high school student,นักเรียนมัธยมปลาย
講義,こうぎ,a lecture,การบรรยาย
そんなに,そんなに,"so much, like that",มากขนาดนั้น
昼休み,ひるやすみ,"lunch break, noon recess",พักเที่ยง พักเที่ยง
忘れ物,わすれもの,"lost article, something forgotten",สิ่งของที่สูญหาย บางสิ่งที่ถูกลืม
下りる,おりる,"to get down, to go; come down",ลงไปไป; ลงมา
腕,うで,arm (in reference to body),แขน (หมายถึงร่างกาย)
訳,わけ,reason; explanation,เหตุผล; คำอธิบาย
承知,しょうちする,"consent, acceptance",ความยินยอมการยอมรับ
日記,にっき,"diary, journal",ไดอารี่วารสาร
高校,こうこう,high school; senior high school,โรงเรียนมัธยม; โรงเรียนมัธยมปลาย
似る,にる,"to resemble, to be similar",คล้ายกัน คล้ายกัน
暖房,だんぼう,heating,เครื่องทำความร้อน
留守,るす,absence; not at home,ขาด; ไม่อยู่บ้าน
割合,わりあい,"rate, ratio, percentage",อัตรา อัตราส่วน เปอร์เซ็นต์
寺,てら,Buddhist temple,วัดพุทธ
慣れる,なれる,to grow accustomed to,ที่จะคุ้นเคยกับ
普通,ふつう,common; usual,ทั่วไป; ปกติ
手伝う,てつだう,to help,เพื่อช่วย
なるほど,なるほど,I see; I now understand,ฉันเห็น; ตอนนี้ฉันเข้าใจแล้ว
くださる,くださる,"(hon.) to give, to confer","(ที่รัก) ให้, หารือ"
息子,むすこ,(humble) son,(ถ่อมตัว) ลูกชาย
お子さん,おこさん,(someone else's) child (polite),(ของคนอื่น) ลูก (สุภาพ)
会場,かいじょう,"venue, meeting place","สถานที่, สถานที่นัดพบ"
笑う,わらう,"to laugh, to smile",หัวเราะยิ้ม
運ぶ,はこぶ,"to transport, to carry",ในการขนส่งเพื่อดำเนินการ
文学,ぶんがく,literature,วรรณกรรม
光,ひかり,light,แสง
お見舞い,おみまい,"calling on someone who is ill, visit",โทรหาคนป่วยเยี่ยมชม
席,せき,a seat,ที่นั่ง
ご存じ,ごぞんじ,"knowing, acquaintance","รู้,รู้จัก"
下る,さがる,"to descend, to drop, to fall","ล้ม, ล้ม, ล้ม"
アジア,アジア,Asia,เอเชีย
褒める,ほめる,to praise; to say nice things,สรรเสริญ; ที่จะพูดสิ่งดีๆ
最も,もっとも,most,มากที่สุด
合う,あう,"to fit, to match",เพื่อให้พอดีเพื่อให้เข้ากัน
最後,さいご,"last, end",สุดท้าย จบ
値段,ねだん,price,ราคา
退院,たいいんする,leaving hospital,ออกจากโรงพยาบาล
展覧会,てんらんかい,exhibition,นิทรรศการ
久しぶり,ひさしぶり,it has been a long time; for the first time in a long time,มันเป็นเวลานานแล้ว ครั้งแรกในรอบนาน
カーテン,カーテン,curtain,ม่าน
汽車,きしゃ,train (steam),รถไฟ (ไอน้ำ)
遅れる,おくれる,to (be) become late,(จะ) มาสาย
見つかる,みつかる,"to be found (v.i.), to be discovered",ที่จะพบ (vi.) ที่จะค้นพบ
召し上がる,めしあがる,-- honorific form of 食べる (たべる) and 飲む (のむ) --,-- รูปแสดงเกียรติของ רべる (たべる) และ 飲む (のむ) --
太る,ふとる,to gain weight,เพื่อเพิ่มน้ำหนัก
注射,ちゅうしゃ,injection,ฉีด
様,よう,"way, manner, kind",วิธี มารยาท ใจดี
最初,さいしょ,"beginning, first",เริ่มแรก
安心,あんしん,"peace of mind, relief",สบายใจ โล่งอก
直る,なおる,to be fixed,ที่จะได้รับการแก้ไข
集める,あつめる,"to collect, to gather (v.t.), to assemble","รวบรวม, รวบรวม (v.t.), รวบรวม"
直す,なおす,to correct (v.t.); to fix,แก้ไข (v.t.); เพื่อแก้ไข
続く,つづく,to be continued,มีต่อ
先輩,せんぱい,senior members of a group,สมาชิกอาวุโสของกลุ่ม
約束,やくそく,"arrangement, appointment, promise",การจัดเตรียม การนัดหมาย สัญญา
世話,せわする,looking after; to look after,ดูแล; ที่จะดูแล
近所,きんじょ,neighborhood,ย่านใกล้เคียง
将来,しょうらい,(in the) future; prospects,(ในอนาคต; โอกาส
億,おく,hundred million,ร้อยล้าน
数学,すうがく,mathematics,คณิตศาสตร์
文化,ぶんか,culture,วัฒนธรรม
払う,はらう,to pay,ที่จะจ่าย
習慣,しゅうかん,custom (in reference to culture),กำหนดเอง (อ้างอิงถึงวัฒนธรรม)
焼ける,やける,"to burn, to be roasted","เผา, ย่าง"
君,きみ,you (informal for men),คุณ (ไม่เป็นทางการสำหรับผู้ชาย)
冷える,ひえる,"to grow cold, to cool down","เย็นขึ้น, เย็นลง"
点く,つく,"to be started, to be switched on","ที่จะเริ่มต้น, ที่จะเปิด"
この間,このあいだ,"the other day, recently",เมื่อวันก่อน
格好,かっこう,"appearance, manner, shape, form, posture",รูปลักษณ์ ท่าทาง รูปร่าง ท่าทาง
続ける,つづける,"to continue, to keep up",เพื่อดำเนินการต่อเพื่อให้ทัน
落す,おとす,"to drop, to lose","หล่น, แพ้"
出発,しゅっぱつする,departure,ออกเดินทาง
拝見,はいけんする,"(humble) (polite) seeing, look at",(ถ่อมตัว) (สุภาพ) เห็นดู
割れる,われる,to break,ที่จะทำลาย
背中,せなか,back (of body),หลัง (ของร่างกาย)
新聞社,しんぶんしゃ,newspaper company,บริษัทหนังสือพิมพ์
いじめる,いじめる,"to bully, to torment",กลั่นแกล้งทรมาน
おっしゃる,おっしゃる,-- honorific expression for いう --,-- สำนวนแสดงความเคารพสำหรับ いō --
眠い,ねむい,"sleepy, drowsy",ง่วงนอน
濡れる,ぬれる,to get wet,เปียก
倒れる,たおれる,"to collapse, to break down",พังทลายลง
アクセサリー,アクセサリー,accessory,อุปกรณ์เสริม
考える,かんがえる,to think (about); to consider,คิด (เกี่ยวกับ); เพื่อพิจารณา
向かう,むかう,"to face, to go towards",เผชิญหน้าไปทาง
自由,じゆう,freedom,เสรีภาพ
仕方,しかた,way (of doing something),วิธี (ในการทำบางสิ่ง)
首,くび,neck,คอ
程,ほど,"degree, extent",ระดับขอบเขต
代わり,かわり,"substitute, replacement","ทดแทน, ทดแทน"
失敗,しっぱい,"failure, mistake",ความล้มเหลว ความผิดพลาด
工業,こうぎょう,(manufacturing) industry,(การผลิต) อุตสาหกรรม
移る,うつる,to move (from a house); to transfer (from a department); to shift,ย้าย (จากบ้าน); โอน (จากแผนก); เพื่อเลื่อน
スーツケース,スーツケース,suitcase,กระเป๋าเดินทาง
ひげ,ひげ,beard,เครา
研究室,けんきゅうしつ,the professor's office; laboratory,ห้องทำงานของศาสตราจารย์ ห้องปฏิบัติการ
工場,こうじょう,factory,โรงงาน
紹介,しょうかい,an introduction,บทนำ
けれど,けれど,"but, although",แต่ถึงแม้ว่า
舟,ふね,"ship, boat",เรือ เรือ
動く,うごく,to move,เพื่อย้าย
コンサート,コンサート,concert,คอนเสิร์ต
虫,むし,insect,แมลง
優しい,やさしい,"kind (person), gentle (person), easy (problem)","ใจดี (คน), อ่อนโยน (คน), ง่าย (ปัญหา)"
コンピュータ,コンピュータ,computer,คอมพิวเตอร์
植える,うえる,to plant,ที่จะปลูก
両方,りょうほう,"both sides, both parties",ทั้งสองฝ่ายทั้งสองฝ่าย
汚れる,よごれる,to become dirty,กลายเป็นสกปรก
水泳,すいえい,swimming,ว่ายน้ำ
経験,けいけんする,experience,ประสบการณ์
勝つ,かつ,to win,ที่จะชนะ
砂,すな,sand,ทราย
警察,けいさつ,police; police station,ตำรวจ; สถานีตำรวจ
取り替える,とりかえる,"to exchange, to replace",เพื่อแลกเปลี่ยนเพื่อแทนที่
急ぐ,いそぐ,"to hurry, to be in a hurry, to rush",รีบเร่งรีบ
簡単,かんたん,simple,เรียบง่าย
参る,まいる,humble expression for 行く and 来る,สำนวนที่ถ่อมตัวสำหรับ 行く และ 来RU
全然,ぜんぜん,"not at all; wholly, entirely",ไม่เลย; ทั้งหมดทั้งหมด
特別,とくべつ,special,พิเศษ
復習,ふくしゅう,"review (of lessons), revision",การทบทวน (บทเรียน) การแก้ไข
間に合う,まにあう,to be in time for,ให้ทัน
役に立つ,やくにたつ,"to be helpful, to be useful",มีประโยชน์ มีประโยชน์
もうすぐ,もうすぐ,very soon; in a few moments; days,เร็ว ๆ นี้; ในอีกสักครู่ วัน
真中,まんなか,"middle, center","กลาง, กลาง"
戻る,もどる,to return (v.i.); to come back,กลับ (vi.); ที่จะกลับมา
研究,けんきゅう,"study, research, investigation",ศึกษา วิจัย สืบสวน
ケーキ,ケーキ,cake,เค้ก
草,くさ,grass,หญ้า
込む,こむ,to be crowded,ที่จะแออัด
この頃,このごろ,"these days, nowadays",ทุกวันนี้ ทุกวันนี้
訪ねる,たずねる,to visit,เพื่อเยี่ยมชม
下げる,さげる,to lower (v.t.); to hang,ลดลง (v.t.); ที่จะแขวน
花見,はなみ,cherry-blossom viewing,ชมดอกซากุระ
途中,とちゅう,"on the way, midway",ระหว่างทาง กลางทาง
入院,にゅういんする,hospitalization,การเข้ารับการรักษาในโรงพยาบาล
乗り換える,のりかえる,"to transfer (trains), to change (bus, train, etc.)",การเปลี่ยนรถ (รถไฟ) การเปลี่ยนรถ (รถบัส รถไฟ ฯลฯ)
別れる,わかれる,"to part from, to separate",แยกจากกัน
安全,あんぜん,"safety, security",ความปลอดภัย การรักษาความปลอดภัย
看護婦,かんごふ,(female) nurse,(หญิง) พยาบาล
見物,けんぶつ,sightseeing,เที่ยวชมสถานที่
相談,そうだんする,consultation,การให้คำปรึกษา
ガソリンスタンド,ガソリンスタンド,"gas station, service station","ปั๊มน้ำมัน, สถานีบริการ"
テニス,テニス,tennis,เทนนิส
眠る,ねむる,to sleep,นอน
上がる,あがる,"to rise, to go up",ลุกขึ้น ขึ้นไป
翻訳,ほんやく,translation,การแปล
食事,しょくじする,meal,มื้ออาหาร
お陰,おかげ,thanks or owing to,ขอบคุณหรือเนื่องจาก
娘,むすめ,daughter (humble),ลูกสาว (ถ่อมตัว)
競争,きょうそう,"competition, contest",การแข่งขันการประกวด
会議,かいぎ,business meeting; conference,การประชุมทางธุรกิจ การประชุม
湖,みずうみ,lake,ทะเลสาบ
集まる,あつまる,"to gather (v.i.), to collect",รวบรวม (vi.) เพื่อรวบรวม
生活,せいかつする,"living, life; to live",การใช้ชีวิต ชีวิต; ที่จะมีชีวิตอยู่
糸,いと,thread,ด้าย
関係,かんけい,"relation(ship), connection",ความสัมพันธ์ (เรือ) การเชื่อมต่อ
ピアノ,ピアノ,piano,เปียโน
番組,ばんぐみ,broadcast program,รายการออกอากาศ
急,きゅう,"urgent, sudden; steep","เร่งด่วน, ฉับพลัน; สูงชัน"
棚,たな,"shelves, rack","ชั้นวางของ, ตะแกรง"
木綿,もめん,cotton,ฝ้าย
輸出,ゆしゅつする,export,ส่งออก
タイプ,タイプ,"type, style",ประเภท สไตล์
すり,すり,pickpocket,นักล้วงกระเป๋า
嬉しい,うれしい,to be happy; to be glad,มีความสุข ดีใจ
アルコール,アルコール,alcohol,แอลกอฮอล์
ソフト,ソフト,soft; soft hat; software,อ่อนนุ่ม; หมวกนุ่ม ซอฟต์แวร์
神社,じんじゃ,Shinto shrine,ศาลเจ้าชินโต
大分,だいぶ,"fairly well, to a large extent, considerably, pretty much","ค่อนข้างดี, ค่อนข้างมาก, ค่อนข้างมาก"
楽しみ,たのしみ,"pleasure, joy",ความยินดี ความยินดี
趣味,しゅみ,hobby; pastime,งานอดิเรก; งานอดิเรก
電報,でんぽう,telegram,โทรเลข
家内,かない,(one's own) wife,(ของตัวเอง) ภรรยา
指,ゆび,finger,นิ้ว
これから,これから,"from now on, after this",จากนี้ไป หลังจากนี้
たまに,たまに,occasionally,บางครั้ง
社会,しゃかい,society,สังคม
